name,party,house,position,yomi
Y,},Oc@,, 낤
mm,{ېV̉,Oc@,C,€ ЂƂ
zY,},Oc@,,€ 悤낤
Rl,},Oc@,, ܂
V,},Oc@,, 傤
ԉH,},Oc@,\, 悵
ܓY,},Oc@,, 낤
ԗ䐭,Y},Oc@,,݂ 
vÍKF,},Oc@,, 䂫Ђ
N,},Oc@,, Ƃ
,},Oc@,, 
,},Oc@,, ɂ悵
O,{ېV̉,Oc@,C, Ƃ
Z~,},Oc@,, 
Y,},Oc@,ōږ, 낤
\j,{ېV̉,Oc@,, 
i,{ېV̉,Oc@,Cږ, 
׏rq,},Oc@,, Ƃ
mq,},Oc@,, Ƃ
O,{ېV̉,Oc@,, Ђ낫
Sq,},Oc@,, ݂
rD,},Oc@,,炢 䂽
V_Mj,},Oc@,,炩 ɂ
LcF,},Oc@,,肽 悵
q,},Oc@,,ǂ 
,},Oc@,,ǂ 
܏\,},Oc@,,炵 
܏\,},Oc@,,炵 悵
r,{ېV̉,Oc@,, 
rc^I,},Oc@,, ܂
r_N,{ېV̉,Oc@,,͂ 낤
MF,},Oc@,, ̂ԂЂ
Έqb,},Oc@,, Ƃ
ΐ썁D,},Oc@,, 
Γc^q,},Oc@,, ܂Ƃ
Δj,},Oc@,}, 
΋ёY,},Oc@,,΂ 񂽂낤
ΌG,},Oc@,,͂ Ђ낽
򌒑,},Oc@,Cږ, 
sҔq,},Oc@,, Ƃ
s_Y,{ېV̉,Oc@,,ނ 낤
of,},Oc@,, 悤
ɓr,},Oc@,,Ƃ 񂷂
ɓF,},Oc@,,Ƃ Ђ
ɓB,},Oc@,,Ƃ 
ɓMv,{ېV̉,Oc@,,Ƃ ̂ԂЂ
ɓǍF,},Oc@,,Ƃ 悵
c,},Oc@,,Ȃ Ƃ
xC,},Oc@,,ȂƂ イ
rY,},Oc@,, Ƃ낤
M,},Oc@,,̂ 
M,},Oc@,,̂ Ђ
pF,{ېV̉,Oc@,,̂ Ђł
Kq,{ېV̉,Oc@,,̂ 
ђC,},Oc@,,΂₵ ̂
l,},Oc@,,܂ ܂
}@Y,},Oc@,,܂ 낤
cae,},Oc@,,킽 
JǕ,{ېV̉,Oc@,C,킽 傤ւ
≮B,},Oc@,, 
cpr,},Oc@,, 
쌫Y,},Oc@,, 񂢂낤
㑺p,ꂢVg,Oc@,,ނ Ђł
qq,},Oc@,, Ƃ
P؏G,},Oc@,, Ђł
~J,},Oc@,,߂ ܂
~,{ېV̉,Oc@,,߂ނ Ƃ
Yl,{ېV̉,Oc@,, ₷
܏i,{ېV̉,Oc@,, 傤
]ci,},Oc@,, 
}Kj,},Oc@,ōږ, 䂫
]n,},Oc@,, ̂
],},Oc@,,Ƃ 
pAtB,},Oc@,, ӂ
h,{ېV̉,Oc@,,ǂ 
,},Oc@,,ǂ Ƃ
΂,ꂢVg,Oc@,\, 
剪qF,},Oc@,, Ƃ
͌܂,},Oc@,, ܂
u,},Oc@,\s, Ђ낵
,},Oc@,, ܂
␽,},Oc@,, 
哇,},Oc@,, 
K,},Oc@,, 
肦,},Oc@,, 肦
ˏS,},Oc@,, 
gt,},Oc@,, 
吼,},Oc@,,ɂ 񂷂
吼m,},Oc@,,ɂ 悤ւ
hY,},Oc@,, 낤
X]q,},Oc@,, 肱
ꐳ,},Oc@,, ܂
c,},Oc@,Cږ, 
c,},Oc@,, Ƃ
c؎q,},Oc@,, ͂Ȃ
ёY,Lủ,Oc@,, 񂽂낤
쏃q,},Oc@,, 
{q,},Oc@,, 
{O,},Oc@,, ݂Ȃ
{[,},Oc@,, ݂̂
~,},Oc@,, 
,{ېV̉,Oc@,, ݂
쑍Y,},Oc@,, 낤
FTi,},Oc@,, 
萳,},Oc@,, ܂Ȃ
Y,},Oc@,, 낤
|M,},Oc@,, 
MV,},Oc@,, 䂫
҂Ȏq,},Oc@,, Ȃ
Sؐ,},Oc@,,ɂ ܂
쎛ܓT,},Oc@,,̂ł ̂
Dq,},Oc@,,Ԃ 䂤
C]c,},Oc@,Cږ, ΂
͐G,},Oc@,, 
ROu,},Oc@,, Ђ낵
F,},Oc@,,܂ 
ڍN,},Oc@,, ₷
q,},Oc@,,Ƃ 䂱
M,},Oc@,,Ƃ ̂
,},Oc@,,Ƃ イ傤
qb,},Oc@,,˂ 
qV,},Oc@,,˂ ₷
qeO,},Oc@,,˂ 悤
,{ېV̉,Oc@,C,˂ނ イ
c,},Oc@,,܂ 
zq,},Oc@,,݂ 悤
_JT,},Oc@,,݂ Ђ낵
T䈟Iq,},Oc@,,߂ 
j,},Oc@,,키 Ђ낵
Ђł,},Oc@,,킳 Ђł
쌴cp,},Oc@,,͂炾 
͑,{ێ},Oc@,},ނ 
_c,},Oc@,, 񂢂
䐒,},Oc@,, 
,},Oc@,, ݂̂
cmu,},Oc@,,킾 ЂƂ
ec^Iq,},Oc@,, ܂
erY,},Oc@,, 낤
ݐM琢,},Oc@,, ̂Ԃ
ݓcY,},Oc@,, ӂ݂
ݓcL,},Oc@,, ݂Ђ
k_\N,Lủ,Oc@,, 낤
kTq,Q},Oc@,}, 䂤
،,},Oc@,,͂ 
،,},Oc@,,͂ ݂̂
gǏBi,Lủ,Oc@,, イ
זM,},Oc@,,񂶂傤 ₷
ԍ,},Oc@,, 悵
,ꂢVg,Oc@,\,Ԃ ܂
HO,},Oc@,,ǂ 傤
El,},Oc@,,ɂ 
,},Oc@,,ɂ݂ 
I,},Oc@,,͂ 킽
Fm,},Oc@,,낢 Ђ
c,{ېV̉,Oc@,,낾 ܂
tY,,Oc@,, 낤
nY,},Oc@,, 񂽂낤
r,},Oc@,, ܂
iY,},Oc@,, 񂶂낤
򗴎i,},Oc@,, イ
_Â,},Oc@,, 
͖쑾Y,},Oc@,, 낤
,},Oc@,,ނ ܂Ђ
É,},Oc@,, 
KV,},Oc@,, ̂
`b,},Oc@,,݂ 
TY,},Oc@,,Ă Ђ남
㓡ΔV,},Oc@,,Ƃ 䂫
㓡S,},Oc@,,Ƃ 䂤
㗺Y,},Oc@,,̂ 傤낤
іΎ,},Oc@,,΂₵ 
ёV,},Oc@,,΂₵ 䂫
юj,},Oc@,,΂₵ ӂ݂
{R׎q,},Oc@,,݂ ₷
XY,},Oc@,, 
R甿,},Oc@,, 
RWO,},Oc@,, ̂ԂЂ
ߓa,},Oc@,,ǂ 
ߓ,},Oc@,,ǂ 傤
Ėؕu,{ېV̉,Oc@,, 
֓AbNX,{ېV̉,Oc@,,Ƃ 
V,},Oc@,,Ƃ 
ēSv,},Oc@,\,Ƃ Ă
֓m,},Oc@,,Ƃ Ђ날
VT,},Oc@,,Ƃ 䂤
Ȃ,},Oc@,, Ȃ
w,},Oc@,, ܂Ȃ
l,ꂢVg,Oc@,, Ȃ
{Nu,},Oc@,, Ă
{SV,},Oc@,, 䂤̂
{Y,},Oc@,, イ낤
N,},Oc@,,炢 イ
씎`,},Oc@,, Ђ悵
X؃iI~,},Oc@,, Ȃ
X؋I,},Oc@,, ͂
,},Oc@,,Ƃ 
,},Oc@,,Ƃ Ƃ
p,},Oc@,,Ƃ Ђł݂
q,ꂢVg,Oc@,, 킩
uʘav,Y},Oc@,ψc, 
S,Y},Oc@,, Ă
菲v,},Oc@,, Ђ
daF,},Oc@,,Ƃ Ђ
K,},Oc@,, 
cޕێq,},Oc@,,̂ Ȃ
,},Oc@,,̂͂ 
F,},Oc@,,̂͂ 
ēcV,},Oc@,,΂ 䂫
ĎRF,},Oc@,,΂ ܂Ђ
KɎq,},Oc@,,܂ 
cq,},Oc@,,܂ Ƃ
cm,{ێ},Oc@,},܂ 悤
݂,},Oc@,,傤 ݂
K,},Oc@,, 
q,},Oc@,,傤 񂢂
Ηm,},Oc@,,炢 悤
VJ`,},Oc@,,񂽂 ܂悵
V`F,},Oc@,,ǂ 悵
`K,},Oc@,,܂ 悵̂
`,},Oc@,, 悵Ђ
T,},Oc@,,ނ 
{a,{ېV̉,Oc@,, 
ؓ,Q},Oc@,}, 
؉ph,},Oc@,, 
؊]S,},Oc@,, 
؏r,},Oc@,, 񂢂
؋Mq,},Oc@,, 
؊xK,},Oc@,, 䂫
،a,},Oc@,, ̂肩
ؔl,},Oc@,, ͂
ؗf,},Oc@,, 悤
؋`O,},Oc@,, 悵Ђ
֖FO,},Oc@,, 悵Ђ
kO,},Oc@,, Ђ낵
˗,},Oc@,, 
cWG,},Oc@,, Ђ
@n,},Oc@,, ͂
{,{ېV̉,Oc@,, 
,},Oc@,, ܂
䐒u,ꂢVg,Oc@,, 
sc,},Oc@,, Ȃ
،[,},Oc@,, 
i,},Oc@,,͂ 
p,{ېV̉,Oc@,,͂ Ђł
qV,},Oc@,,܂ Ƃ
NT,},Oc@,, ₷Ђ
◺,ꂢVg,Oc@,, 傤
|t,},Oc@,, ͂
|,},Oc@,, 䂸
|Tq,{ێ},Oc@,}, 䂤
V,},Oc@,, 炽
,},Oc@,,܂ 
Wp,},Oc@,,ނ ̂ԂЂ
cv,},Oc@,, Ȃ
kcY,},Oc@,,΂ 낤
CFY,Y},Oc@,, 낤
cÓ,},Oc@,,ǂ 悵̂
ca,},Oc@,,Ȃ ̂
c,},Oc@,,Ȃ 
cǐ,},Oc@,,Ȃ 傤
Iו,},Oc@,,Ȃ͂ ₷ӂ
J,},Oc@,, 
c쐣,},Oc@,,̂ ǂ
cT,},Oc@,,΂ Ђ날
ʖؗYY,},Oc@,\,܂ 䂤낤
cM,Y},Oc@,,ނ 
cqq,Y},Oc@,ψ,ނ Ƃ
cv,},Oc@,,ނ ̂Ђ
O݂ǂ,},Oc@,, ݂ǂ
Ґl,},Oc@,, 
҉pV,},Oc@,, Ђł䂫
Ó~,},Oc@,, 
ycT,},Oc@,, 
yiq,},Oc@,, Ȃ
炩Ȃ,},Oc@,, Ȃ
pcG,},Oc@,,̂ Ђł
Ñ[,},Oc@,,ނ 
ːmY,},Oc@,,ĂÂ 悵
cw,},Oc@,,Ă炽 ܂Ȃ
c,},Oc@,,Ă炾 ݂̂
nCION,},Oc@,,Ƃ Ԃ낤
y~V,},Oc@,,Ƃ Ђ䂫
~q,{ېV̉,Oc@,,Ƃ₷ 
ijq,},Oc@,,Ȃ 
G,},Oc@,,Ȃ Ђ܂
Nm,},Oc@,,Ȃ ₷Ђ
N,},Oc@,,Ȃ ₷܂
m,},Oc@,,Ȃ Ђ
v,},Oc@,,Ȃ Ђ
]N,},Oc@,,Ȃ ₷
Jn,},Oc@,,Ȃ 
J,},Oc@,,Ȃ 
J^,},Oc@,,Ȃ 񂢂
iG,{ېV̉,Oc@,,Ȃ Ђ낵
ȏ,},Oc@,\s,Ȃ 
FT,},Oc@,,ȂƂ 
F悵Ђ,},Oc@,,ȂƂ 悵Ђ
,},Oc@,,Ȃɂ 
pK,},Oc@,,Ȃ Ђł䂫
m,},Oc@,,Ȃ Ђ܂
͂,,Oc@,,Ȃނ ͂
TV,},Oc@,,Ȃނ Ђ䂫
mؔ,},Oc@,,ɂ ЂԂ
Gq,},Oc@,,ɂ Ђł
`,},Oc@,,ɂ 悵
u,},Oc@,,ɂ 
쏫l,},Oc@,,ɂ ܂Ђ
G,},Oc@,,ɂ Ђ
cO,{ېV̉,Oc@,,ɂ 
c,},Oc@,,ɂ 傤
쑾,},Oc@,,ɂ 
qޔ,},Oc@,,ɂނ Ȃ
N,},Oc@,,ɂނ ₷Ƃ
POY,},Oc@,,ɂ Ԃ낤
OHG,},Oc@,,ɂ Ђł
zꕟuY,,Oc@,,ʂ ӂ낤
薞q,},Oc@,,ʂ܂ ݂
{,},Oc@,,˂ 
{KT,},Oc@,,˂ 䂫̂
cq,},Oc@,,̂ 
cF,},Oc@,\,̂ 悵Ђ
쒆,},Oc@,,̂Ȃ 
Ԍ,},Oc@,,̂ 
c,},Oc@,,͂ 
,{ېV̉,Oc@,,͂͂ 
{d,},Oc@,,͂ 
{F,},Oc@,,͂ ݂Ђ
JÈ,},Oc@,,͂ 
J~,},Oc@,,͂ 
g엃,},Oc@,,͂ ΂
RIY,},Oc@,,͂Ƃ 낤
RY,},Oc@,,͂Ƃ 낤
tNO,},Oc@,,͂Ȃ ₷Ђ
nLK,{ېV̉,Oc@,,΂ ̂Ԃ䂫
nY,},Oc@,,΂ 䂤
lc,},Oc@,,͂܂ ₷
ln,},Oc@,,͂܂ ܂
їC,{ېV̉,Oc@,,͂₵ 
іF,},Oc@,,͂₵ 悵܂
ꔎ,},Oc@,,͂炮 Ђ
L,},Oc@,,΂ 䂽
ї,},Oc@,,Ђ 肠
,},Oc@,,Ђ炢 
␪,,Oc@,,Ђ炢 ܂
Gv,},Oc@,,Ђ炨 Ђł
m,},Oc@,,Ђ炮 Ђ낵
򏟉h,},Oc@,,Ђ炳 
Y,},Oc@,,Ђʂ 傤낤
эW,},Oc@,,Ђ΂₵ 
L,},Oc@,,Ђ낹 
[wXX,},Oc@,,ӂ ւ
[Vz,},Oc@,,ӂ 悤
d_,},Oc@,,ӂ Ђ
L,Lủ,Oc@,,ӂ ̂Ԃ䂫
cO,},Oc@,,ӂ Ƃ
cv,},Oc@,,ӂ 
c,},Oc@,,ӂ 
c,},Oc@,,ӂ 
c~,},Oc@,,ӂ 
cBv,},Oc@,,ӂ 
~k,},Oc@,,ӂ͂ 
Xa̎q,},Oc@,,ӂ 킩
䑁V,},Oc@,,ӂ Ђ䂫
,},Oc@,,ӂ 
c,{ېV̉,Oc@,,ӂ ӂ݂
,{ېV̉,Oc@,,ӂ܂ 
ەq,},Oc@,,ӂ܂ Ƃ
K,},Oc@,,ӂ ̂܂
hu,},Oc@,,ӂƂ Ђł
Dc,},Oc@,,ӂȂ ͂
Ð쒼G,},Oc@,,ӂ邩 Ȃ
Ð쌳v,},Oc@,\s,ӂ邩 ƂЂ
ÐN,},Oc@,,ӂ邩 ₷
Ðv,},Oc@,,ӂ邩 悵Ђ
É\i,},Oc@,,ӂ 
,},Oc@,,ق ₷
썄m,},Oc@,,ق 悵
ז썋u,},Oc@,,ق 
xَq,},Oc@,,ق肤 ̂肱
x삠,Y},Oc@,,ق肩 
{mj,},Oc@,,ق񂶂傤 Ƃ
{cY,},Oc@,,ق 낤
Oi,{ېV̉,Oc@,C,܂͂ 
q`v,},Oc@,,܂ 悵
q,},Oc@,,܂ 
cj,},Oc@,,܂ 
O,},Oc@,,܂ Ђ
؂񂱂,},Oc@,,܂ 񂱂
q,},Oc@,,܂ ꂢ
݂ǂ,},Oc@,,܂ ݂ǂ
c,},Oc@,,܂ 
씎,},Oc@,,܂ Ђ납
m,,Oc@,,܂΂ 
{,},Oc@,,܂ 
{,},Oc@,,܂ Ђ
{m,},Oc@,,܂ 悤ւ
~q,},Oc@,,܂ǂ 肱
N,},Oc@,,܂ Ƃ
nv,},Oc@,,܂Ԃ ݂
O،\b,{ېV̉,Oc@,,݂ 
GK,},Oc@,,݂ʂ Ђł䂫
Opn,},Oc@,,݂ 
OP,},Oc@,,݂ Ƃ
OJpO,},Oc@,,݂ ЂłЂ
,},Oc@,,݂ 
ΐMm,},Oc@,,݂ǂ肩 
fv,{ېV̉,Oc@,,݂̂ Ă邨
@Mp,},Oc@,,݂̂肩 ̂ԂЂ
{G,},Oc@,,݂₤ Ђł
{L,},Oc@,,݂₩ 
{萭v,},Oc@,,݂₴ ܂Ђ
{Hn,},Oc@,,݂₶ 
{Y,},Oc@,,݂₵ 낤
R~,},Oc@,,ނ 
RD,},Oc@,,ނ 
e,},Oc@,,ނƂ 悤
p,},Oc@,,ނ炢 Ђł
qp,},Oc@,,ނ炨 ƂЂ
㐽Y,},Oc@,,ނ炩 낤
qM,{ېV̉,Oc@,,ނ炩 Ƃ̂
Ζؕq[,},Oc@,,Ă Ƃ݂
{Lq,Y},Oc@,,Ƃނ ̂Ԃ
Xp,},Oc@,, 
X悤,},Oc@,, 悤
X痢,},Oc@,,肵 
瓇,{ېV̉,Oc@,C,肵 
Xcra,},Oc@,,肽 Ƃ
XRT,},Oc@,, Ђ낵
XR_s,},Oc@,, Ђ䂫
茘Y,},Oc@,,₴ 񂽂낤
Jc쌳,},Oc@,,₽ ͂
ʘa,},Oc@,, 
,},Oc@,,Ȃ 悵
,ꂢVg,Oc@,,͂ 
Rou_,},Oc@,, ƂЂ
RB,},Oc@,,܂ ܂
Rm,ꂢVg,Oc@,,܂ ЂƂ
R݈ꐶ,},Oc@,,܂ 
RۑuY,},Oc@,,܂ 낤
Rr,},Oc@,,܂ 񂢂
R,},Oc@,,܂ 悵
Rǎ,},Oc@,,܂ 傤
R萳,},Oc@,,܂ ܂₷
R落,},Oc@,,܂ ܂
RMi,},Oc@,,܂ 
RcF,},Oc@,,܂ Ђ
Rci,},Oc@,,܂ 
Ra,},Oc@,,܂̂ ̂
RԈv,},Oc@,,܂͂ 
R{n,},Oc@,,܂ 
ǒ,},Oc@,, ƂЂ
Mؓ`,},Oc@,,̂ ݂悵
g쌳,},Oc@,,悵 ͂
g엢,Q},Oc@,},悵 
gc^,},Oc@,,悵 
gcO,},Oc@,,悵 ̂ԂЂ
gc͂,},Oc@,,悵 ͂
ĎR,},Oc@,,˂ イ
}_j,},Oc@,,イ Ђӂ
RTi,},Oc@,,킩 
c䂫,},Oc@,,킹 䂫
acLN,{ېV̉,Oc@,,킾 䂤낤
nӎ,},Oc@,,킽Ȃ イ
nӑn,},Oc@,,킽Ȃ 
kmq,},Oc@,,ɂԂ 悤
Bu,},Qc@,,@܂
؈,},Qc@,,@
؈F,},Qc@,,@Ђ
,{ېV̉,Qc@,,܁@
Rɐ,},Qc@,,܁@͂
Ԓr,},Qc@,,@܂
ԏ,},Qc@,,܂@
H,},Qc@,,́@
cY,},Qc@,,@낤
c,{ېV̉,Qc@,C,@ЂƂ
Y,},Qc@,,Ё@񂽂낤
Lq,},Qc@,,ނ@͂邱
Nm,Y},Qc@,,̂@Ƃ
`s,},Qc@,,̂@悵䂫
ɓx,Y},Qc@,,Ƃ@
ɓF],},Qc@,,Ƃ@
ɓFb,},Qc@,,Ƃ@
ɔgm,̕,Qc@,h,́@悤
Wq,},Qc@,,ȁ@
Έ,{ېV̉,Qc@,,@
Έ䏀,},Qc@,,@񂢂
Έ_Y,},Qc@,,@Ђ남
Έ䐳O,},Qc@,,@܂Ђ
Έcq,{ېV̉,Qc@,,@݂
Ί_̂肱,},Qc@,,@̂肱
ΐ,},Qc@,,@
ΐ씎,},Qc@,,@Ђ낽
ΓcG,},Qc@,,@܂Ђ
΋ʍG,},Qc@,,΂@݂Ђ
mF,},Qc@,,@悵Ђ
ENj,},Qc@,,@Ă
Mq,},Qc@,,̂@ɂ
,{ېV̉,Qc@,,̂@Ȃ
Gq,},Qc@,,܂@肱
⟺F,Y},Qc@,,Ԃ@Ƃ
{l,},Qc@,,Ɓ@Ђ
cE,},Qc@,,@
ci,},Qc@,,@悵
ʎq,},Qc@,,́@݂
P䐳,},Qc@,,@傤
ŉz,},Qc@,,@
~݂,,Qc@,,߂ނ@݂
],},Qc@,,܁@悵
q,},Qc@,,Ƃ@
썎,},Qc@,,@
m,},Qc@,,@܂Ђ
I,},Qc@,,ʂ܁@
cI,},Qc@,,̂@
ҏGv,},Qc@,,@ЂłЂ
zqrV,},Qc@,,@Ƃ䂫
ƕqu,},Qc@,,@Ƃ
哇Bj,ꂢVg,Qc@,,܁@
ւ䂤,},Qc@,,΂@䂤
א,,Qc@,,́@₷
c[],},Qc@,,@ӂ
c,},Qc@,,@Ȃ
,},Qc@,,ނ@܂悵
Sؐ,},Qc@,,ɂ@܂
cTV,},Qc@,,@Ђ䂫
,},Qc@,,Ƃ@悵
ÓcRIq,{ېV̉,Qc@,,@䂫
,},Qc@,,͂@
ЎR,},Qc@,,܁@
ЎR,{ېV̉,Qc@,,܁@
u,},Qc@,,ׁ@
qm,{ېV̉,Qc@,,˂@݂Ђ
_J@,Q},Qc@,\,݂@ւ
_JK,},Qc@,,݂@܂䂫
qq,Y},Qc@,,݁@Ƃ
썇FT,},Qc@,s,킢@̂
c,},Qc@,,킾@イւ
͖`,},Qc@,,́@悵Ђ
،ˌpi,},Qc@,,ǂ@
ؑpq,ꂢVg,Qc@,,ނ@
gǂ悵q,Y},Qc@,,@悵
ݐ^Iq,},Qc@,,@܂
kov,},Qc@,,ނ@˂
c,{ېV̉,Qc@,,@
EcN,},Qc@,,ڂ@Ă
FJTl,},Qc@,,܂@Ђ
qіq,Y},Qc@,,΂₵@
藲j,},Qc@,,@
rW,Y},Qc@,Lǒ,@
mV,},Qc@,,ɂ@Ђ䂫
ш,},Qc@,,΂₵@Ђ
Éi,},Qc@,,@
ÉFY,},Qc@,,@䂤낤
ÉVm,},Qc@,,@䂫Ђ
Ïm,},Qc@,,傤@͂Ƃ
㌎ǗS,},Qc@,,Â@傤
X؂₩,},Qc@,,@₩
[,},Qc@,,Ƃ@
MH,},Qc@,,Ƃ@̂Ԃ
v,},Qc@,,Ƃ@܂Ђ
֓×,},Qc@,,Ƃ@悵
ꎓY,NHK},Qc@,},Ƃ@񂢂낤
fs,},Qc@,,@₷䂫
N[,},Qc@,,炢@݂
,},Qc@,,Ƃ݁@イ
Rq,},Qc@,,Ƃ@
^l,},Qc@,,݂@܂
͂Ȃ,},Qc@,,݁@͂Ȃ
c,},Qc@,,@Ђ날
₩,},Qc@,,ނ@₩
ĜĈ,},Qc@,,΁@񂢂
ēcI,{ېV̉,Qc@,,΂@
Z,},Qc@,,́@낭
∟I,},Qc@,,炳@
iq,},Qc@,,ǂ@˂Ђ
YtÖ,},Qc@,,΁@Â
M,},Qc@,,܂@񂷂
v,},Qc@,,@Ђ
G,},Qc@,,@Ђł
֌,,Qc@,,@܂
cߎq,},Qc@,,܁@܂
cj,},Qc@,,Ȃ@܂
c,},Qc@,,Ȃԁ@܂
c܂,},Qc@,,ނ@܂
Ij,Y},Qc@,,@݂
؂,{ېV̉,Qc@,,@
ؐ^,},Qc@,,@܂
@,},Qc@,,͂@̂
Y,},Qc@,,͂@낤
͂,},Qc@,,͂@͂
j,},Qc@,,͂@݂
ǓS,̕,Qc@,h,@Ă
,},Qc@,,@Ƃ
gG,},Qc@,,Ȃ݁@Ђӂ
|^,},Qc@,,@
|lm,},Qc@,,Â߁@ЂƂ
|JƂq,},Qc@,\s,@Ƃ
hO,},Qc@,,݁@
J,},Qc@,,ɂ@܂
ѐAF,},Qc@,,@悵ӂ
Ҍ,},Qc@,\s,Ɓ@
ߕۗf,},Qc@,,ف@悤
c,,Qc@,,Ă炽@
V,ꂢVg,Qc@,,Ă΂@
̖,},Qc@,,ǂ@
Iq,},Qc@,,ǂ݁@܂
iG,},Qc@,,ƂȂ@
F[,},Qc@,,Ƃ̂@肨
LcrY,},Qc@,,Ƃ悾@Ƃ낤
ȂFq,,Qc@,,Ȃ@
悵,{ېV̉,Qc@,,Ȃ傤@悵
]O,},Qc@,,Ȃˁ@Ђӂ
cG,},Qc@,,Ȃ@Ђ낵
S,},Qc@,,Ȃɂ@䂤
iw,},Qc@,,Ȃ@܂Ȃ
ls,,Qc@,,Ȃ͂܁@Ђ䂫
,},Qc@,,Ȃ݂ˁ@܂
m䑏,Y},Qc@,,ɂЁ@ւ
VȏGK,},Qc@,,ɂÂ܁@Ђł
ci,},Qc@,,ɂ@傤
cm,},Qc@,,ɂ@܂
_Y,},Qc@,,̂݁@낤
c`,},Qc@,,̂@ɂ悵
쑺NY,},Qc@,,̂ނ@Ă낤
HcY,},Qc@,,͂@낤
Hcr,},Qc@,,͂ɂイ@
Fꓹ,},Qc@,,͂@݂
Jx,},Qc@,,͂@
Jp,},Qc@,,͂@Ђł͂
nꐬu,},Qc@,,΂΁@
{q,},Qc@,,͂Ɓ@
l,},Qc@,,͂܂@܂
lc,NHK},Qc@,},͂܂@Ƃ
lj,},Qc@,,͂܂́@悵ӂ
ÓޒÔ,},Qc@,,Ђ@Ȃ
ؑ,},Qc@,,Ђ炫@
Rmq,,Qc@,,Ђ܁@
Lc,},Qc@,,Ђ낽@͂
,},Qc@,,ӂ@܂
݂,},Qc@,,ӂ܁@݂
RNY,},Qc@,,ӂ܁@Ă낤
ꔎ,},Qc@,,ӂ@Ђ
쐭l,},Qc@,,ӂ@܂Ђ
,},Qc@,,ӂ@
j,{ېV̉,Qc@,,ӂ܂@
MRN],},Qc@,,ӂȂ܁@₷
tF,ꂢVg,Qc@,,ӂȂ@₷Ђ
D,},Qc@,,ӂȂ͂@Ƃ݂
Ðr,},Qc@,,ӂ邩@Ƃ͂
kl,},Qc@,,ق@ق
x,},Qc@,,ق肢@킨
{cq,},Qc@,,ق񂾁@
,},Qc@,,܂@傤
q삽,},Qc@,,܂́@
qRЂ낦,},Qc@,,܂܁@Ђ낦
邢,},Qc@,,܂@邢
򐬕,{ېV̉,Qc@,,܂@ӂ
V,},Qc@,,܂@؂
얾,{ېV̉,Qc@,,܂́@
ˎj,},Qc@,,܂ނ@悵ӂ
Ri,},Qc@,,܂܁@܂
OYMS,},Qc@,,݂@̂ԂЂ
OY,},Qc@,,݂@₷
Oウ,},Qc@,,݂݁@
Oq,},Qc@,,݂͂@
OL,},Qc@,,݂₯@
r,},Qc@,,݂@񂢂
fq,},Qc@,,݂́@Ƃ
{q,,Qc@,,݂₮@͂邱
{v,},Qc@,,݂₴@܂
{菟,},Qc@,,݂₴@܂
{m,},Qc@,,݂₴@悤
{{i,},Qc@,,݂Ɓ@イ
cq,},Qc@,,ނ炽@傤
X܂,},Qc@,,@܂
X{^,},Qc@,,Ɓ@
X,},Qc@,,@
XG,},Qc@,,@Ђ낵
qv,},Qc@,,₭@
]Lv,},Qc@,,₷@̂Ԃ
T,{ېV̉,Qc@,,Ȃ@Ђӂ
RaV,{ېV̉,Qc@,,܂@䂫
RߒÒj,},Qc@,Cږ,܂@Ȃ
R萳,},Qc@,,܂@܂
RY,},Qc@,,܂@䂤ւ
RF,Y},Qc@,ψ,܂@悵
RY,Y},Qc@,ψ,܂@
RcY,},Qc@,,܂@낤
Rcrj,},Qc@,,܂@Ƃ
RcG,},Qc@,,܂@Ђ낵
RJq,},Qc@,,܂Ɂ@肱
R{[,},Qc@,,܂Ɓ@
R{mq,},Qc@,,܂Ɓ@
R{O,},Qc@,,܂Ɓ@񂼂
R{Y,ꂢVg,Qc@,\,܂Ɓ@낤
R{i,},Qc@,,܂Ɓ@Ђ낵
򍂓,},Qc@,,悱@̂
RM,},Qc@,,悱܁@񂢂
g,},Qc@,,悵@
g썹D,},Qc@,,悵@
g䂤,},Qc@,,悵@䂤
ac@,},Qc@,,킾@܂ނ
їm,},Qc@,,킩΂₵@悤ւ
ᏼ,},Qc@,,킩܂@˂
nӖҔV,},Qc@,,킽Ȃׁ@䂫
